{"cameraMode":{"drawMode":0,"name":"Shaded","section":"Shading Mode"},"sceneLighting":true,"audioPlay":false,"sceneViewState":{"showFog":true,"showMaterialUpdate":false,"showSkybox":true,"showFlares":true,"showImageEffects":true,"showParticleSystems":true},"in2DMode":false,"pivot":{"x":-1.0168812274932862,"y":4.433923721313477,"z":57.115962982177737},"rotation":{"x":0.02549721673130989,"y":-0.0014995118835940958,"z":0.00003824584564426914,"w":0.9996737837791443},"size":74.76119232177735,"orthographic":false}